timestamp,open,high,low,close,volume
2026-01-11 22:14:07.472790,86.57051040509172,88.82168624638888,82.7954123619027,86.49064448499644,11211499216.906443
2026-01-11 23:14:07.472790,84.3386652108939,88.55419247242966,83.76749271891445,84.77359658713934,16379457894.117476
2026-01-12 00:14:07.472790,86.97690882945275,88.16468865779122,85.52871681575368,87.33012041521636,20832777831.809586
2026-01-12 01:14:07.472790,90.44996992929998,94.67244502170409,86.33367506803478,90.24873399876311,28597415748.157948
2026-01-12 02:14:07.472790,85.08296878274507,86.49092754869088,80.01462938494065,85.03937791105038,1759299003.6068268
2026-01-12 03:14:07.472790,85.17526849899428,87.45838453768589,81.93357116910968,85.22230695208845,35837667083.74855
2026-01-12 04:14:07.472790,91.02658096089871,92.99254091260156,88.11626130446643,91.0215473055671,16028107102.064198
2026-01-12 05:14:07.472790,88.74519348443957,90.75378595676686,84.4745893204891,88.65275126103462,27691083874.959984
2026-01-12 06:14:07.472790,84.92232634679557,89.0189327286177,84.1050819136306,85.06006232293514,23318257859.602673
2026-01-12 07:14:07.472790,88.12175156665687,88.69160455815666,86.61678521520105,88.32798984229551,17957525501.04904
2026-01-12 08:14:07.472790,85.482599574007,86.61650210811564,82.15294113688789,85.4324049805659,1894734500.991384
2026-01-12 09:14:07.472790,85.34919630405847,90.99091992025832,85.10606429704181,85.60044373576699,13241929281.426243
2026-01-12 10:14:07.472790,88.04826174455937,88.98889151697273,86.688431374295,87.94055582179944,32352380847.20938
2026-01-12 11:14:07.472790,81.25002275071846,89.38976206415425,80.95115774059819,81.66715824461438,4433155995.428121
2026-01-12 12:14:07.472790,82.62587958325066,84.28157835780071,79.64498516096229,82.37156011690182,21747949132.302742
2026-01-12 13:14:07.472790,86.11041838016334,91.6169849802516,79.41956345820087,85.98850452789429,8137052646.363281
2026-01-12 14:14:07.472790,84.857190905778,87.29450065352805,79.7307499456503,84.79206303766362,28370332957.18393
2026-01-12 15:14:07.472790,89.29395031306512,90.52928599430227,88.18532072150887,89.03147901791043,26988914302.597664
2026-01-12 16:14:07.472790,85.84924130313928,89.54005919443094,79.07784772854103,85.42243465742216,9162758435.871748
2026-01-12 17:14:07.472790,84.31795955769181,86.30100134576743,83.74085928097111,84.06214917452064,58055101219.84853
2026-01-12 18:14:07.472790,92.73126436013435,94.02661281628444,92.29774749952043,93.24622809554423,27523078089.01973
2026-01-12 19:14:07.472790,87.63878978979024,92.05838094141855,86.5836841340523,87.97650792927065,5955716313.937283
2026-01-12 20:14:07.472790,88.88030051737994,90.04044294333238,88.19103541991869,89.04721558114144,29032791079.119865
2026-01-12 21:14:07.472790,84.60174448928876,87.414573478013,80.26750459264497,84.59512296248634,17825457232.06389
2026-01-12 22:14:07.472790,87.55527253166561,89.53957049232804,80.3584795272129,87.41951203475621,16315506733.262972
2026-01-12 23:14:07.472790,89.42301467744608,91.73728300402989,84.53100129992018,89.61813409654685,21066928091.22154
2026-01-13 00:14:07.472790,85.86616205661714,91.099642884661,81.21841895515118,85.81807816224115,25416441791.98385
2026-01-13 01:14:07.472790,90.53305278179427,92.26806085082708,89.53748196260143,90.73868013262363,18811201150.753128
2026-01-13 02:14:07.472790,87.60524629720759,91.71884184756152,86.10194190040242,87.76625818535459,6670492469.309394
2026-01-13 03:14:07.472790,88.4837774056821,90.55408358764632,86.68821858572944,88.8587598876264,4916039586.72929
2026-01-13 04:14:07.472790,87.75562039376685,92.0038217150713,82.76210001902818,87.99935217646345,56314688896.43692
2026-01-13 05:14:07.472790,95.7769851710752,98.51175651345564,94.26327218655202,96.16694731785117,32611649009.727745
2026-01-13 06:14:07.472790,89.82556092046002,90.86255659315442,83.4118948702301,90.0893081590951,21475438404.635635
2026-01-13 07:14:07.472790,87.17060428646224,87.27287663496658,82.43572976162761,86.89593272643485,35575033966.27102
2026-01-13 08:14:07.472790,92.7693145419195,95.89439558259573,92.09874013281028,93.034294509411,35626712934.72832
2026-01-13 09:14:07.472790,87.2614385935619,88.8084482771866,84.27106522361885,86.57772166835909,28151855656.309944
2026-01-13 10:14:07.472790,91.34460601546778,91.88379647545706,89.51200477459753,91.20962000063122,47809115906.95344
2026-01-13 11:14:07.472790,84.53011775672499,85.98803272552078,84.14923986179711,84.48327107569689,12602340803.039602
2026-01-13 12:14:07.472790,86.26788383797467,89.447145108541,84.26220766157849,86.49060348521698,34607499360.39894
2026-01-13 13:14:07.472790,91.61508645915528,93.14114138206337,89.50905314867585,91.42301314123084,10457440649.124949
2026-01-13 14:14:07.472790,93.12991666376072,95.95050162142442,87.11483827175654,93.29102218741913,13220544553.574976
2026-01-13 15:14:07.472790,91.51731222809066,92.98250692761012,90.5568347319251,91.48382645396457,5441312155.030559
2026-01-13 16:14:07.472790,91.30674565512157,96.44362900475396,87.97878563022451,90.61083148903728,4301393243.580909
2026-01-13 17:14:07.472790,90.04225157991968,91.65638676211145,85.66922473574257,90.06820740883589,24237879066.815544
2026-01-13 18:14:07.472790,86.68742824285516,87.40876923255905,83.1920446879877,86.38957254865699,18559054989.124317
2026-01-13 19:14:07.472790,88.63659496888184,92.0018357192653,87.06763650154112,88.82397173761765,5821465729.088337
2026-01-13 20:14:07.472790,89.68995301138861,94.45387616984705,84.74174236525317,89.69936834787968,26741974993.66915
2026-01-13 21:14:07.472790,95.27998151731056,100.94888718296184,93.24010463625076,94.77649070734694,12442181976.90686
2026-01-13 22:14:07.472790,92.23784460600928,97.63001646809246,91.07433583299388,92.41166180913854,48222534971.448944
2026-01-13 23:14:07.472790,86.15409767013834,89.73220063397153,85.38523864063507,85.68818140764932,43049050579.083275
2026-01-14 00:14:07.472790,92.60475404698532,94.52763395307323,88.07866447840527,92.40854706287618,16720357643.520367
2026-01-14 01:14:07.472790,89.94658492924071,98.49062552719535,87.92064929247663,90.09861736570737,5730162371.683892
2026-01-14 02:14:07.472790,89.34200206526509,91.23630109142746,86.069585115483,89.17282131831973,25572127645.379894
2026-01-14 03:14:07.472790,93.7072597915056,94.3600946519629,91.64386961591171,93.43464894077563,7812930667.857775
2026-01-14 04:14:07.472790,95.05104481302436,100.31471708176544,92.9773502901272,94.87406389875952,3195272909.426971
2026-01-14 05:14:07.472790,94.09712899283913,101.46629117716556,93.37229697721847,94.54248784733261,39749316830.21085
2026-01-14 06:14:07.472790,88.4893213373439,95.37602489853347,87.0031287931683,88.68277496494086,13319194132.188019
2026-01-14 07:14:07.472790,90.33198172878267,94.50859047004218,89.83940109757766,90.39910812047383,12559472314.052418
2026-01-14 08:14:07.472790,92.49597148397358,96.11854492153644,85.39107756587276,92.5166304741385,14880805407.717947
2026-01-14 09:14:07.472790,94.8722608859382,97.02519083653904,93.58239635827253,94.69593551116849,33298964050.902237
2026-01-14 10:14:07.472790,89.87104254163225,92.59059233093527,88.37768820658818,89.8231575466232,6072928669.080052
2026-01-14 11:14:07.472790,90.40768833086217,92.85668594434668,88.37662988519948,90.77132124613826,22062260041.25265
2026-01-14 12:14:07.472790,87.87292116032415,90.5764788779521,85.18875056389302,87.77280806131913,2986454253.987419
2026-01-14 13:14:07.472790,87.62769427417767,87.77362545949546,86.57549372990961,87.46747509377299,48323269594.3604
2026-01-14 14:14:07.472790,94.22571964366894,94.93039767120278,91.59242667491725,94.06774496839378,13392965831.47044
2026-01-14 15:14:07.472790,96.23460556195703,97.7412354437286,91.12333369386108,95.92358846533891,28351619449.097847
2026-01-14 16:14:07.472790,91.27185405124396,93.55150143612654,86.19432693430211,91.04408301763698,21146214734.486732
2026-01-14 17:14:07.472790,94.78170359802887,98.16779163066407,92.36712331254354,94.65131759948565,17146526480.88641
2026-01-14 18:14:07.472790,92.41738922256296,93.05777073163199,86.09441520676911,92.4368469139491,17384108391.701786
2026-01-14 19:14:07.472790,88.63394814899874,93.9980650010206,85.65227739801925,89.0778124485591,23064534214.239414
2026-01-14 20:14:07.472790,92.49364598573473,96.38330214856376,89.80673060239232,92.3745885670349,27860777070.887302
2026-01-14 21:14:07.472790,96.45264320958802,97.41352597160953,93.37140721934621,96.39258455075294,36148934457.48791
2026-01-14 22:14:07.472790,91.05344703226469,93.54100362204521,84.37553613099888,90.97932285613442,41416381275.93439
2026-01-14 23:14:07.472790,96.0504627504283,103.03187093917329,93.09269153612325,96.41977417851831,79776939547.84406
2026-01-15 00:14:07.472790,82.44855105342444,83.23407878892692,78.94657147987611,82.71681571732331,65238854386.4656
2026-01-15 01:14:07.472790,94.06514965534065,94.51626810545221,91.02498278711045,93.76889073085944,13628872518.381227
2026-01-15 02:14:07.472790,91.23578878226967,96.43812109316588,90.88699040873125,91.24661660414569,8648067074.858902
2026-01-15 03:14:07.472790,90.11438777807881,92.20629610074145,86.63895141061022,89.93052463232277,7687339943.361995
2026-01-15 04:14:07.472790,91.19823191901827,94.80723565451052,89.56537614204409,91.19048481967233,39980895821.12293
2026-01-15 05:14:07.472790,84.47356090743885,90.27129549818538,82.18022370349091,84.46602075934976,40528919757.87864
2026-01-15 06:14:07.472790,90.33882731385121,94.22450177997095,89.45338700182847,90.08525071813287,14616951920.63906
2026-01-15 07:14:07.472790,91.83461800907693,94.16077130105997,89.77991282197453,91.97701076364226,21470344058.688164
2026-01-15 08:14:07.472790,95.83381718033019,96.88788130220915,88.87876175936297,95.80619028399262,40942904792.848366
2026-01-15 09:14:07.472790,88.87987084047273,92.34222572451586,83.77980393334832,89.00330292313622,7873367537.147615
2026-01-15 10:14:07.472790,87.9131944305685,89.45415829976795,82.76348468028178,88.02793785128358,5506183485.107767
2026-01-15 11:14:07.472790,88.91361650898561,92.72238451451547,88.39303867737632,88.99616190605677,25287872526.760887
2026-01-15 12:14:07.472790,93.7929481652388,100.2225955507214,90.48347282417969,93.73048604609136,11502487448.449047
2026-01-15 13:14:07.472790,91.57143630599275,96.99358793447809,87.09287694218635,91.70314456818542,19319647729.7513
2026-01-15 14:14:07.472790,89.16003756310604,90.64736430550495,87.93480984644293,88.82540841095019,19129445716.87557
2026-01-15 15:14:07.472790,92.0359207319445,96.2258860235719,88.98182087794119,92.28359346170218,11309815361.2948
2026-01-15 16:14:07.472790,90.80846167492145,91.6507783971423,90.17941856200386,90.85939881065121,18670134235.298958
2026-01-15 17:14:07.472790,93.68792140129408,99.96797542711248,88.56557618876873,93.81167712547666,35796604784.1776
2026-01-15 18:14:07.472790,88.57051280743502,89.52338449213786,83.40608319697711,88.18769587064422,7388861375.30842
2026-01-15 19:14:07.472790,89.45594275792088,90.138367164997,89.02777181271122,89.40322486527246,1987404219.809793
2026-01-15 20:14:07.472790,89.45756744358717,90.96253615971419,84.92955174389434,89.18150310259311,23760675969.43766
2026-01-15 21:14:07.472790,85.32905098978247,90.76399771186021,84.3556802712309,85.71103775343762,40315760790.55166
2026-01-15 22:14:07.472790,91.54592273445876,93.42671435908954,88.31305301128472,91.47263935647902,1493726424.5765758
2026-01-15 23:14:07.472790,91.59949370091496,93.3796558474582,89.65861946362976,91.35567523478345,6167396857.590904
2026-01-16 00:14:07.472790,90.52104723576248,94.51009508132445,81.94550406691971,90.49870745174229,6479082834.222191
2026-01-16 01:14:07.472790,89.99312351905522,99.03777731973778,88.74210795825437,89.70638234932127,27699489596.116344
2026-01-16 02:14:07.472790,85.74049734044506,86.29878617191841,84.29212305630655,85.87376185596935,23033782797.328396
2026-01-16 03:14:07.472790,89.49234976669482,94.92213765909604,87.50769670858256,89.11556538482742,1936623577.4509878
2026-01-16 04:14:07.472790,90.00892485391371,94.91564263244042,85.19393017466959,89.39241270441777,7981286354.520621
2026-01-16 05:14:07.472790,87.8059438200888,89.60527372766256,84.26275021324116,87.90162611853226,12419896151.208641
2026-01-16 06:14:07.472790,89.92673597093547,92.22649207898094,87.57562916069733,90.04708458061182,13619263097.985493
2026-01-16 07:14:07.472790,92.39348565500998,93.79118268241682,87.84596190817706,91.99238474301437,32282338463.26325
2026-01-16 08:14:07.472790,97.70861789986974,101.01839693694788,90.822569639401,97.2477882074107,36392574516.47859
2026-01-16 09:14:07.472790,91.14524105862921,92.60131955879501,89.96982778490255,91.28843427830581,3087667607.901771
2026-01-16 10:14:07.472790,91.50110682651729,94.42504176814803,89.69681725341147,91.61659508296049,8520885931.937872
2026-01-16 11:14:07.472790,90.46296154138345,94.78340543638598,89.94997646922587,90.53949945370341,44131629031.51924
2026-01-16 12:14:07.472790,84.2304695161612,85.13945453556236,83.22368560852895,84.57157641354569,36683338681.67848
2026-01-16 13:14:07.472790,90.56274685462759,91.76304296883566,88.91295070327608,90.81302353714312,3076792321.9420214
2026-01-16 14:14:07.472790,90.89571599727344,94.3023639042962,88.72328113790904,91.1703596217203,49610879070.79915
2026-01-16 15:14:07.472790,99.57618712095912,103.03509019953965,99.3195299822026,99.80607971592455,51775708271.5377
2026-01-16 16:14:07.472790,90.44255001647521,91.47587206511471,86.67580617359123,90.4519619648192,10174469771.287441
2026-01-16 17:14:07.472790,92.27967274034692,93.70761687775845,88.42828818699388,92.21487849104193,6859681924.898415
2026-01-16 18:14:07.472790,91.56729186143185,94.38159020579238,88.66978228715982,91.14333848770612,23123025033.271606
2026-01-16 19:14:07.472790,87.17513355381875,90.20621420679859,83.63501757862966,87.43701283905274,57319946075.93283
2026-01-16 20:14:07.472790,95.71787515559446,100.72205852170414,92.89820746993232,95.43605561410479,7358594848.20822
2026-01-16 21:14:07.472790,94.08713057473247,95.36350774941997,92.25726235161528,94.14757016391052,2334761779.313162
2026-01-16 22:14:07.472790,94.37503717095294,94.78984524646097,88.34983682255093,94.38904366770399,36908865405.46155
2026-01-16 23:14:07.472790,88.83648615185696,91.29004333199974,86.22755042774614,88.65700372915639,47190235214.74242
2026-01-17 00:14:07.472790,96.48117907089097,105.32946324393716,92.38786238717293,96.80724193800249,60261552566.390465
2026-01-17 01:14:07.472790,87.33770231766414,90.26169729510693,83.94803662652154,87.23762076841689,40164599074.681046
2026-01-17 02:14:07.472790,94.16994528910129,96.83484222930186,92.24253074667713,94.12294437329794,39469894275.912796
2026-01-17 03:14:07.472790,100.25228980639402,101.42054852215776,98.14825035874159,100.10440019117326,68547889190.25652
2026-01-17 04:14:07.472790,89.01577271538416,89.48028402886061,86.15931329883715,88.93861793676474,8958908486.0156
2026-01-17 05:14:07.472790,91.16087013244018,92.44784644516467,89.41076013512081,90.49429814375965,13388607975.732128
2026-01-17 06:14:07.472790,92.74674364713088,98.30746040928928,90.62188443494844,92.92452870955827,13076284608.403097
2026-01-17 07:14:07.472790,90.82576994671578,92.98715845277286,86.1503891228414,90.97068541756926,25324005913.829247
2026-01-17 08:14:07.472790,87.41689799048633,90.3262700408646,81.95986542278203,87.58062309723059,33736111747.470573
2026-01-17 09:14:07.472790,93.08236838212053,97.67828562200738,89.6994250852098,93.23774268022359,26331775970.58834
2026-01-17 10:14:07.472790,89.3127346663128,90.7341750900571,88.91471066777154,89.48384221369962,37184681575.56327
2026-01-17 11:14:07.472790,95.31713153011592,99.82473930716624,91.95483534772438,94.97833908431076,35323651949.49123
2026-01-17 12:14:07.472790,90.64319330387788,92.04430146152616,87.32657597224588,90.25855532012886,64145315282.68792
2026-01-17 13:14:07.472790,99.08407089799533,99.68691462974519,97.07799714382165,99.25401748585472,53417419895.57195
2026-01-17 14:14:07.472790,90.8017200482647,96.4701616214243,89.40350698274266,91.02902559857837,12368246161.893637
2026-01-17 15:14:07.472790,92.92222020165147,96.88769343711522,87.95569867287527,92.79099085191118,31494817591.667408
2026-01-17 16:14:07.472790,96.87676292584464,99.87447811876986,94.51178314789371,97.03752199325844,43008913697.39422
2026-01-17 17:14:07.472790,90.1387628620824,92.83288689577874,84.9246961967824,89.96793216155424,31308160928.107044
2026-01-17 18:14:07.472790,95.30811315415201,96.22902234988199,91.4431606584262,95.25012782312899,21427601091.641754
2026-01-17 19:14:07.472790,98.9605548096528,103.70801049378574,95.61151812833076,99.41260703184797,73074994794.33798
2026-01-17 20:14:07.472790,89.58536252916583,92.65145575155161,87.67149655943942,89.17138299219518,45880355004.68722
2026-01-17 21:14:07.472790,96.13860848754987,96.16288669657766,94.49430096828449,95.62342456793043,2912634335.160978
2026-01-17 22:14:07.472790,95.90041297016886,97.86969022331132,89.02840178188606,96.07703773658953,14236112160.938564
2026-01-17 23:14:07.472790,98.07267703021172,100.8653603820332,87.12978696568408,98.18687864826325,44235692288.538956
2026-01-18 00:14:07.472790,91.18383833581642,91.99135305277562,88.88483351196072,91.10570643071817,1158255491.8987443
2026-01-18 01:14:07.472790,91.07832820003615,92.50883803233852,90.07986162349833,90.98703450556265,51362700813.646355
2026-01-18 02:14:07.472790,97.97321986287083,100.92047055739721,95.60095996848835,97.7800424021539,4142268228.941108
2026-01-18 03:14:07.472790,97.71766523567949,97.75775544239329,93.7871730859724,97.13190027530224,587563482.9903793
2026-01-18 04:14:07.472790,97.09402209091907,101.09017389138518,95.70426034171656,97.1455910199018,4167406906.5140367
2026-01-18 05:14:07.472790,97.45405147020936,108.02258202178777,91.2220559975637,97.68800366265445,25139042498.930973
2026-01-18 06:14:07.472790,93.72710155082358,95.88375932889413,93.03343670586997,94.11655185978746,18383093627.743248
2026-01-18 07:14:07.472790,97.42038960581199,101.05094338061934,95.64006198349651,97.63448153227026,3405012833.7524776
2026-01-18 08:14:07.472790,98.03701652514862,106.49394330127926,95.40861396318249,98.04676050227518,22942840951.193493
2026-01-18 09:14:07.472790,95.03159627196482,98.22298094537,92.78820162623845,94.52271681772586,53055763419.58578
2026-01-18 10:14:07.472790,104.35059750306482,107.10794835295083,101.12728258960279,104.51288865925964,28953350730.23456
2026-01-18 11:14:07.472790,99.34872003078338,106.73136383064835,96.80804218599695,99.2820656404709,38882481273.90203
2026-01-18 12:14:07.472790,93.3209457370174,93.74668235327654,91.13871590937427,93.32554376413592,40878464392.26061
2026-01-18 13:14:07.472790,100.70387034730048,103.25304112467317,96.14545018611854,100.34611839096314,44129741258.47263
2026-01-18 14:14:07.472790,95.15455049514166,95.40218937189059,92.65994283294631,94.43863038303172,48435090488.89091
2026-01-18 15:14:07.472790,101.05073571851764,106.43668878206695,98.07162838509315,101.21192647215116,12926018861.895864
2026-01-18 16:14:07.472790,102.6938790865778,105.5474804583309,100.82760022474713,102.84488812070073,42108092635.97659
2026-01-18 17:14:07.472790,95.79016676856787,98.48508683199387,89.55862764843688,95.49104273576224,52261116010.01234
2026-01-18 18:14:07.472790,102.6397708059312,104.53192426786126,102.0350657493774,102.43023189570081,12610257302.878849
2026-01-18 19:14:07.472790,101.01205869189883,104.18634726768398,97.72942739783598,100.45552284206954,10910428808.686747
2026-01-18 20:14:07.472790,102.39363788153322,103.00870846955806,97.96352960565127,102.21457995896534,23491009789.079082
2026-01-18 21:14:07.472790,106.58240364133138,113.10008365686619,104.89134505473177,106.69741024816027,43015897196.954865
2026-01-18 22:14:07.472790,98.58975958185769,99.8463237781507,95.691504369371,98.4153710389022,12520825552.314184
2026-01-18 23:14:07.472790,96.97641425432228,97.8154711790274,93.41034779064066,96.65492925588131,2846317575.4352646
2026-01-19 00:14:07.472790,96.52874035967069,97.58504679749753,94.95285868718352,96.29172342985774,2843927901.561506
2026-01-19 01:14:07.472790,96.8498061788707,102.30955903913163,96.16312578673646,96.70264196185055,19800646048.083935
2026-01-19 02:14:07.472790,99.95144133179984,103.05822754437068,93.96732460670505,99.63261456715072,10456603959.783417
2026-01-19 03:14:07.472790,101.74486985990889,102.01956972244265,99.77723100287547,101.38920799841492,1411745712.806085
2026-01-19 04:14:07.472790,101.69004586720833,102.24989733278926,97.80455441663494,101.27013159847118,14189315808.949331
2026-01-19 05:14:07.472790,103.77747912500747,115.51446090216807,101.13324494896057,103.57590698008534,22467803497.71439
2026-01-19 06:14:07.472790,100.44261128134016,101.852196816906,98.39508702024087,100.4929938700027,42139669358.49943
2026-01-19 07:14:07.472790,106.41559398635866,109.49419335278357,105.78975887308192,106.36877672029654,42253405971.172935
2026-01-19 08:14:07.472790,100.00709522653004,101.4469424097782,99.30550986516596,99.64642232049955,72950584310.22534
2026-01-19 09:14:07.472790,111.68482605289621,116.83939858485245,108.96557303540446,111.95921648582538,51427187886.95648
2026-01-19 10:14:07.472790,103.4664977036798,104.09017030347464,100.46683739873689,103.35218812415485,40486621566.75245
2026-01-19 11:14:07.472790,97.56490097603333,102.91447791354727,95.94325806920818,97.68016517650874,4769948756.062375
2026-01-19 12:14:07.472790,96.96901088509358,100.40507428453742,94.91743438779908,96.960649534986,34252250790.31545
2026-01-19 13:14:07.472790,103.45807416742096,105.85111652429146,100.81251936260493,103.06279171332673,14604973002.31462
2026-01-19 14:14:07.472790,100.41799591606986,107.24289510442041,92.4707866590842,100.36045954521444,24012877734.013565
2026-01-19 15:14:07.472790,104.16890766919236,108.45926981235561,99.8024703760154,104.15439795704314,6185243267.976768
2026-01-19 16:14:07.472790,102.83638842225574,105.24089145581328,101.14441737869218,103.2576350094678,15640767547.568174
2026-01-19 17:14:07.472790,101.38187741051154,106.06212757235922,97.77142622883028,101.15541464380883,16884944088.607527
2026-01-19 18:14:07.472790,98.40496722177912,98.82196178883994,95.51991140093698,98.21477896325399,15297652709.373411
2026-01-19 19:14:07.472790,96.36617655999673,98.89146448156416,94.13294856343904,95.74481528828356,29525603306.21314
2026-01-19 20:14:07.472790,99.7579389481928,101.85677834668756,95.8210479404334,99.85013404223884,37658492800.56179
2026-01-19 21:14:07.472790,105.15399738632506,108.5883644257899,102.43401989768698,105.0849092094677,15844334811.745207
2026-01-19 22:14:07.472790,102.60385081083214,105.18304697684604,99.72652095384267,102.5271450195162,35280102635.541664
2026-01-19 23:14:07.472790,97.34701074553762,100.71985274005233,91.94640909325288,96.88849950160711,32422966423.270107
2026-01-20 00:14:07.472790,102.38995164944009,103.98290707674519,97.75342548976046,102.41923193514187,7111982795.904247
2026-01-20 01:14:07.472790,103.37576502988695,105.11613371442083,102.0067017851395,103.28930521127953,26885639786.258587
2026-01-20 02:14:07.472790,98.49258862388426,101.9739772172478,96.66779239670795,98.31329569594736,30579048714.887783
2026-01-20 03:14:07.472790,102.43989113565173,104.2923836946422,101.53245275823046,102.38257456825171,3210064614.2343493
2026-01-20 04:14:07.472790,101.86753642665603,109.73489009983281,95.27272985186195,102.00415067170661,30246210720.520573
2026-01-20 05:14:07.472790,97.38178027737976,101.27792149254634,95.59986456081366,97.32511078719523,30335947123.765568
2026-01-20 06:14:07.472790,103.5271973995749,103.66665739332453,99.15210113561265,103.19481770145906,5630539155.7203455
2026-01-20 07:14:07.472790,103.68429778574384,109.46149164154012,98.69288712106535,104.00458467788607,13419539297.98425
2026-01-20 08:14:07.472790,106.17631504212927,106.76786406144475,100.12135386978603,106.13397724102033,1314372114.8961344
2026-01-20 09:14:07.472790,105.76809335184834,108.06311449739354,101.48470589366475,105.9907122633858,64765371590.45807
2026-01-20 10:14:07.472790,96.68378184871467,100.2314117557497,93.84398666183044,96.33839522536437,12931598140.828012
2026-01-20 11:14:07.472790,97.53162737724416,99.76082713958282,92.42156946952262,97.97934996566495,37172455013.71573
2026-01-20 12:14:07.472790,103.50873288655265,104.68449870982698,101.41895266865613,103.6825842711448,992023124.7377338
2026-01-20 13:14:07.472790,103.75369522947156,107.59586367348967,97.07121237732821,103.63641656841534,725166890.459245
2026-01-20 14:14:07.472790,104.08272966551583,108.25477940826225,99.21307060544149,103.59618272533544,87936958023.84814
2026-01-20 15:14:07.472790,118.02195863361483,129.15574324412447,112.56958289108172,118.0452431502815,76319441888.92407
2026-01-20 16:14:07.472790,103.54781442149239,106.15624954872072,102.84011910156956,103.72057125770426,15474540920.939192
2026-01-20 17:14:07.472790,106.58776000840852,107.58059882652978,103.63583839090548,105.9896106920865,6718295628.303227
2026-01-20 18:14:07.472790,104.71819976634157,106.27076393431582,104.20468062374277,105.17508472029891,9370978311.695559
2026-01-20 19:14:07.472790,103.18170701102069,105.48890713725498,101.719677951915,103.86685619732694,20988070431.421696
2026-01-20 20:14:07.472790,100.05638032362343,101.44295585532564,95.67700382625578,99.92447568397859,25576770718.19767
2026-01-20 21:14:07.472790,104.01244535021712,105.5766849825596,98.52420969652539,104.16934132379605,39977957984.9325
2026-01-20 22:14:07.472790,97.69967786991751,98.95474819783098,96.43550496138724,97.99992007328257,12716012014.287947
2026-01-20 23:14:07.472790,100.22896840215647,104.98370095958768,95.07214392988621,100.01642656038678,8160669503.7855015
2026-01-21 00:14:07.472790,99.03684117314549,102.82720585381394,97.16882490340745,98.96445835638968,15895371231.94188
2026-01-21 01:14:07.472790,100.95226504851905,105.48694105561266,99.89791023670641,101.12338967807425,60906107512.35388
2026-01-21 02:14:07.472790,109.92726619874124,115.83570840781404,106.23298573473012,110.35111525351317,100707584759.00066
2026-01-21 03:14:07.472790,93.72348678022882,94.21064410139776,89.99088384113635,93.47881794097412,56003572414.39504
2026-01-21 04:14:07.472790,103.5129708326774,111.35259304102726,101.72162253164338,103.31145115097246,48193224693.19668
2026-01-21 05:14:07.472790,94.22935171607968,96.62745751104978,93.76859805544886,94.25739589204524,25677342124.88705
2026-01-21 06:14:07.472790,99.06470341357107,103.3201737864976,98.06972768327468,98.51891738063414,37909199789.60623
2026-01-21 07:14:07.472790,104.36650682358275,105.11164986566389,101.57586232485224,104.70262888808507,29090140722.744736
2026-01-21 08:14:07.472790,99.9943035887723,104.32593454698868,99.26718199920033,100.45403908420434,30749954700.541424
2026-01-21 09:14:07.472790,95.72766708332483,97.97130654995789,92.45996494791848,95.92678463253988,7240869238.296866
2026-01-21 10:14:07.472790,97.2126168990896,100.42702295831056,93.87642881966191,97.22591332531468,33144823994.60948
2026-01-21 11:14:07.472790,102.7359284030827,104.95103368749147,98.58093008142237,102.6609840011414,31462466126.959488
2026-01-21 12:14:07.472790,96.92256681837581,98.13773225327358,90.35565579536816,96.99276127248574,20074875654.782124
2026-01-21 13:14:07.472790,100.722091620208,102.23600011310069,96.95887958380422,100.61582458814502,6131647536.620067
2026-01-21 14:14:07.472790,99.4734412648202,101.55328724167929,94.27561879054133,99.84833364280125,14860866857.740442
2026-01-21 15:14:07.472790,97.45746777157164,100.51590899181899,94.49989271493023,97.03717127208554,68986236894.54097
2026-01-21 16:14:07.472790,108.31700483575725,114.85763353492533,107.67858712689399,108.34370652524466,35205500145.289696
2026-01-21 17:14:07.472790,102.29055793478096,103.42452940581285,96.38884874085598,101.94883690325915,74911841228.4667
2026-01-21 18:14:07.472790,91.7362183561268,95.85537208785865,88.39809154542415,91.64199425345703,53986645840.87519
2026-01-21 19:14:07.472790,100.12417909441305,105.63393402624715,96.12452368192969,99.98717070812799,19506855842.861732
2026-01-21 20:14:07.472790,96.7554501236525,100.27195469476715,95.57585942487023,96.59034806391332,37685648033.237946
2026-01-21 21:14:07.472790,102.65189255757615,104.43698605580462,101.93413750407396,102.51420309882405,45582352168.929214
2026-01-21 22:14:07.472790,96.12409120314655,97.65988087350433,93.19336491340957,95.93910446514337,19629689330.943665
2026-01-21 23:14:07.472790,98.88619130707077,98.91766104285396,97.50352564477119,98.49345284093575,13842361907.695621
2026-01-22 00:14:07.472790,100.9465504643323,104.44460523720237,98.64938443894398,100.88707112865443,10784319347.251476
2026-01-22 01:14:07.472790,102.4992394452713,103.82593529047938,100.95317705176075,102.28168514796411,60574272841.81177
2026-01-22 02:14:07.472790,94.09895087625884,98.362753133725,88.32196116582385,94.12428980174279,24422398863.465405
2026-01-22 03:14:07.472790,97.79461963751994,101.72930628471704,92.50026533530561,97.37393001865244,4625741216.215218
2026-01-22 04:14:07.472790,96.5754734337716,98.71710643619134,92.04246185446738,96.77184061792181,5531599686.241615
2026-01-22 05:14:07.472790,96.54931080358601,97.0266952374362,92.91020882288197,96.03047530627387,58872233666.88747
2026-01-22 06:14:07.472790,105.71666796751907,107.1237443087547,102.38762338544991,105.72940559627385,39542475028.096725
2026-01-22 07:14:07.472790,99.65319580819246,101.29525625375281,95.73338794465245,100.08278367328367,41749977476.79526
2026-01-22 08:14:07.472790,93.62133719471349,95.82916047057772,90.61532644978675,93.58537109708769,57499897592.793785
2026-01-22 09:14:07.472790,101.86710080688198,104.08781392221599,96.24916714505765,102.07565719344028,31022916052.622807
2026-01-22 10:14:07.472790,107.35561515704492,110.69355270967282,102.47484710378743,107.085552819542,32135780841.961178
2026-01-22 11:14:07.472790,102.27895117939224,107.64171274936473,98.80096814042669,102.47959309892877,71271695054.66855
2026-01-22 12:14:07.472790,92.36234009336373,93.24143866089067,88.88602913320658,92.48613744034745,21449657567.7368
2026-01-22 13:14:07.472790,95.83703602068726,103.28778353817357,95.1298568963387,96.38339708442099,50277596825.237656
2026-01-22 14:14:07.472790,103.24214046523174,107.33786256775461,100.99950580325046,103.38242203358695,50764408290.292465
2026-01-22 15:14:07.472790,94.79459907252416,98.11351713190638,94.0636798619495,95.48896022233681,32790326171.186626
2026-01-22 16:14:07.472790,99.52457123529283,102.17127751571736,98.2634013453546,99.99974085093774,8718119764.796337
2026-01-22 17:14:07.472790,101.56522165792066,102.33997270052548,96.24485244680156,101.3340539585309,40453746689.58043
2026-01-22 18:14:07.472790,94.85544915999284,96.09006237246535,90.87184778649126,94.63236278292786,25240783619.800995
2026-01-22 19:14:07.472790,98.12094223184303,100.02636904436814,93.67662802397018,97.99586298904603,66819524403.184006
2026-01-22 20:14:07.472790,85.97287967818711,88.47746827839394,85.19041740760169,86.22300644886188,58016661669.380196
2026-01-22 21:14:07.472790,94.26877032325835,98.2850035868138,93.81025893315395,94.28226532747509,19214497230.353058
2026-01-22 22:14:07.472790,97.27531031371151,98.99167653221829,91.77040599109021,97.27636163939769,24535748072.072514
2026-01-22 23:14:07.472790,93.14782549763437,94.5849036981475,91.48792862977372,93.47265175522972,67172301413.16969
2026-01-23 00:14:07.472790,105.48556119816968,107.85384868214622,102.55610577344542,105.01193689538826,78942074158.58139
2026-01-23 01:14:07.472790,93.08412207260216,99.33513790805095,92.30026025533768,92.83975975976418,22781410361.79589
2026-01-23 02:14:07.472790,96.59471180806774,97.40766614588541,92.50273911818647,96.65878619457233,12208651542.76196
2026-01-23 03:14:07.472790,98.96147840007707,102.65204088552224,97.4149918767018,98.95349705670763,31406319197.097347
2026-01-23 04:14:07.472790,104.44803673125918,108.80873961374769,101.98246539693085,104.38278199961582,57726393427.45012
2026-01-23 05:14:07.472790,92.40472409359627,93.71808534544081,89.33145178676529,92.97421015380195,77867370873.77565
2026-01-23 06:14:07.472790,103.2553558358476,111.51136486200522,102.89147221646503,103.33197982075589,35194830274.7857
2026-01-23 07:14:07.472790,98.48323313205064,101.98912393834375,97.75238690796405,98.68513826146807,23477306144.644295
2026-01-23 08:14:07.472790,94.57928521571196,96.95430663038776,93.81728844769981,94.86433927704802,40092829535.075554
2026-01-23 09:14:07.472790,100.55738251836371,101.31937922668402,98.95559284030288,100.64225421977736,6407608320.078616
2026-01-23 10:14:07.472790,100.18706406260313,101.17036195919763,98.81962474858943,99.64964757604486,21373217076.01739
2026-01-23 11:14:07.472790,96.73459608451678,97.55137950657874,93.42558231966835,96.54897791473893,19908359979.81267
2026-01-23 12:14:07.472790,99.1173916999597,102.13116585692221,97.4206027119375,99.28752454386068,13499298325.27772
2026-01-23 13:14:07.472790,97.72267141887048,99.36129678309467,91.75757140229904,97.55509631372215,13099413644.981749
2026-01-23 14:14:07.472790,100.05642634869297,101.79939803647261,93.19161757912791,99.63813883488325,16970608000.313612
2026-01-23 15:14:07.472790,102.25993385599376,103.22055739417372,96.68137407209666,101.97705958346795,23239962930.197292
2026-01-23 16:14:07.472790,105.99852443314549,109.09789128965504,100.82446736793479,105.97956563103783,85903362236.40231
2026-01-23 17:14:07.472790,94.4051752764915,96.97282800428788,91.93746253615603,94.58875410786068,71407971225.00703
2026-01-23 18:14:07.472790,108.8161311481401,112.5272778940056,106.29933594179356,108.58867371738852,108173481572.5559
2026-01-23 19:14:07.472790,92.17783979364327,95.86630141019278,90.91234936187394,92.06915619141498,47878884397.21277
2026-01-23 20:14:07.472790,99.43665565131218,101.40235391855458,97.78594134541451,99.17032584134884,21818676325.876564
2026-01-23 21:14:07.472790,102.51206445400953,105.53213641339785,101.15621963900544,102.31709764824123,6657074005.328136
2026-01-23 22:14:07.472790,101.47979781303185,102.76975218159761,98.05007216207302,101.16127553875125,26755905577.466805
2026-01-23 23:14:07.472790,97.46244727657819,104.25350745271882,94.9374937156241,97.61919496799138,10253372964.907309
2026-01-24 00:14:07.472790,99.79237222449548,100.51557565474816,95.87720848588725,99.3995271827831,7405465675.347181
2026-01-24 01:14:07.472790,98.42842234534618,99.9400739109735,95.14462161502586,98.37010866159093,2036602757.052491
2026-01-24 02:14:07.472790,98.71436667708635,98.7469554340763,97.5374644160207,98.10359502045686,35538942132.284874
2026-01-24 03:14:07.472790,103.94958127182716,105.59707217084767,101.17546424390386,104.16494891341631,13011954052.195854
2026-01-24 04:14:07.472790,102.75337542693003,105.46076078788333,99.42515283086928,102.22101945782573,25778033258.41101
2026-01-24 05:14:07.472790,98.11345886911158,103.94313371929728,92.62786890779385,98.05524030081992,36859164488.92992
2026-01-24 06:14:07.472790,104.57553134104587,108.97490174827415,102.26987425533642,104.78029865995947,13422855714.679337
2026-01-24 07:14:07.472790,102.25844673355995,106.60283201189989,101.22154555732305,102.4071067783896,14357325606.921818
2026-01-24 08:14:07.472790,104.58143528284015,108.52133466565387,102.51813847146016,104.68203911117682,5140094202.968622
2026-01-24 09:14:07.472790,104.1687499068321,110.62864938748704,101.96268301852176,104.03636385862318,43476347551.4607
2026-01-24 10:14:07.472790,98.28934055558192,98.82775298338636,97.55794953448984,98.13541452354397,6843006978.479885
2026-01-24 11:14:07.472790,99.1777819384608,100.30428576228826,96.46749190268594,99.34877110959138,34105488195.859825
2026-01-24 12:14:07.472790,104.94173116694773,105.59207782977052,102.80803485496577,104.94939916642193,2895263680.5846963
2026-01-24 13:14:07.472790,105.169573656247,109.12126479843087,99.61438490342326,104.49798484981171,13300667868.363556
2026-01-24 14:14:07.472790,102.48815835055126,105.58392104965395,98.51432818322061,101.95973879938686,5390541100.094016
2026-01-24 15:14:07.472790,102.80421489281443,103.90570066329182,99.0911915133462,102.66982307091317,34107767006.417988
2026-01-24 16:14:07.472790,107.82452472262477,111.87254399846569,104.56003909753863,107.81223300309519,42916863333.55065
2026-01-24 17:14:07.472790,100.0117594985844,102.08833760623787,99.46968963301433,99.97575882966844,28000292789.356766
2026-01-24 18:14:07.472790,105.08271522609871,105.93116296977556,102.05454279664114,104.88966015112982,15963913706.944035
2026-01-24 19:14:07.472790,101.52181485074685,105.78245080579242,100.73435921446132,101.83428088686709,1107321756.18952
2026-01-24 20:14:07.472790,101.81184698283944,111.898028824629,97.68464966214438,101.89051967028645,43823679069.56677
2026-01-24 21:14:07.472790,107.14435552925015,110.57086925231371,98.40153445341986,107.6833919075242,6299506427.055693
2026-01-24 22:14:07.472790,106.73108612946905,109.39831630351904,103.28996134492894,106.60341049022023,941062558.1749068
2026-01-24 23:14:07.472790,106.87921260494777,113.90216888407122,101.16429690556278,106.67209935619907,17232012814.23228
2026-01-25 00:14:07.472790,108.81713940982986,111.25583483107555,107.48151855116348,108.97510529665084,40992906199.94715
2026-01-25 01:14:07.472790,103.9606326727041,108.83891224243311,100.50955005050956,103.47204180021173,18547945124.72835
2026-01-25 02:14:07.472790,106.04688477328023,107.32737613475017,105.2253885867959,106.43828997652595,21851050963.64543
2026-01-25 03:14:07.472790,101.82665345032463,106.04742507982114,96.69325924022156,102.27596451015835,14844295659.357498
2026-01-25 04:14:07.472790,105.15823992774375,111.3557976718963,99.82800186749135,105.08747870063704,12581615661.615112
2026-01-25 05:14:07.472790,103.55653854846372,108.31405513174948,100.3367820796989,103.23225558965547,6965767131.747647
2026-01-25 06:14:07.472790,104.82354798029304,110.67612782345392,101.69070794445233,104.29666385909601,11957005260.325974
2026-01-25 07:14:07.472790,106.4076008091951,109.6669954465184,99.80132934626,106.55428906837909,39139652627.502144
2026-01-25 08:14:07.472790,100.91929157157243,101.22705050114709,93.24718835361644,100.59376586995265,65572062864.66964
2026-01-25 09:14:07.472790,113.52136574068938,120.27424320079088,110.07128762853912,113.53448185808512,95284898036.38396
2026-01-25 10:14:07.472790,99.90891670766096,101.13328330283488,97.65594583207555,99.96068453687649,5143672900.344521
2026-01-25 11:14:07.472790,99.43152173360549,102.3938706555102,95.84988420669953,99.16862770353406,53008437112.65643
2026-01-25 12:14:07.472790,109.67533652908168,118.15295387988964,107.62230494960498,109.46112454157569,10893923688.98905
2026-01-25 13:14:07.472790,107.36742202865427,108.9482630316575,107.3227040375279,107.87759420893013,4723642274.38536
2026-01-25 14:14:07.472790,107.66436931179692,108.00472485357979,106.71428303958609,107.1895601797725,1269964274.6834557
2026-01-25 15:14:07.472790,107.70446792904232,109.68286164326403,99.70868351722137,107.26038055749244,18218882523.16345
2026-01-25 16:14:07.472790,104.29989366809505,104.99820569948574,104.06930222925807,104.49600006839422,21767239276.57533
2026-01-25 17:14:07.472790,100.88884990280377,107.09406184270489,98.02988107853123,100.76919549189176,29000643444.098923
2026-01-25 18:14:07.472790,105.1061661084324,107.59008843496301,102.82020379001409,104.95061978570276,18744123804.919434
2026-01-25 19:14:07.472790,101.82943052826707,102.82294714012714,96.2706485388267,101.74985997075518,53323010596.40242
2026-01-25 20:14:07.472790,108.81407209231308,112.19633297244056,103.84367427201911,108.99401199192542,29945269432.820873
2026-01-25 21:14:07.472790,103.84036046625431,109.2125094922255,100.74953866119203,104.05000771610312,19004736886.165134
2026-01-25 22:14:07.472790,101.16096303282133,103.65020292337242,99.83569473491563,101.1687188506922,11508006830.903177
2026-01-25 23:14:07.472790,103.67703244082787,103.84095366641984,101.96474737810311,103.31355602512724,20019172405.839283
2026-01-26 00:14:07.472790,106.68786481162482,108.4553884739544,103.23177406878536,106.5141614677038,30770353238.748474
2026-01-26 01:14:07.472790,102.15491755412843,105.06011896049624,100.71833319144896,102.26862420769072,8467716488.484159
2026-01-26 02:14:07.472790,101.39558427620052,106.50051336141972,98.7546948646327,101.1613859429019,25960127398.30061
2026-01-26 03:14:07.472790,104.82627734792,106.40513623018518,101.79486172466052,105.72980491463069,660714883.1811467
2026-01-26 04:14:07.472790,106.07539408495234,111.63079959077388,104.1303445840924,105.71108228850561,23867097938.97004
2026-01-26 05:14:07.472790,101.887883072688,105.49023145396559,99.87142930662763,102.42244026444037,1590413437.5546718
2026-01-26 06:14:07.472790,102.42803845923325,103.2097477412217,98.25385052013938,102.53953203279626,16273471030.700207
2026-01-26 07:14:07.472790,105.1915730975835,111.26373821483836,102.1597687799227,105.54610348127274,44627573285.30788
2026-01-26 08:14:07.472790,97.97810828582847,99.78943013647468,87.85458676757862,98.36014345286148,1253002144.6385381
2026-01-26 09:14:07.472790,98.8175008654251,101.41752194942266,93.8283579166654,98.47456512620326,20909014976.57126
2026-01-26 10:14:07.472790,101.14589709843159,102.75899048901563,96.14286064921193,101.28801467686019,11424907897.746315
2026-01-26 11:14:07.472790,103.48886145633999,108.58068922036317,98.2786077398802,103.3813952920377,12814846359.148075
2026-01-26 12:14:07.472790,105.58477901571649,112.86887139184138,103.44433938122637,105.59964340491048,36371732340.17563
2026-01-26 13:14:07.472790,110.94388026546177,111.62763068827276,108.32551688945776,110.78533288493091,15403946968.146982
2026-01-26 14:14:07.472790,107.90644350293283,108.85345786411702,105.43475768683275,107.88158050185865,29142122343.1247
2026-01-26 15:14:07.472790,102.90725894075986,106.06940891050587,102.01026178013848,103.30487700250477,3790534513.5484347
2026-01-26 16:14:07.472790,104.13605438301946,104.96261686251908,103.04044195505921,103.82573996382793,25542512558.889477
2026-01-26 17:14:07.472790,99.40156755834495,102.55233455106378,98.03643850911284,99.54902651991948,25056717763.328575
2026-01-26 18:14:07.472790,103.15066471305464,105.13978920514462,103.00957599360535,103.6346119963792,8652289885.445684
2026-01-26 19:14:07.472790,102.23515478398842,105.60401447896459,94.03642450257837,102.36662890141741,14297532907.703236
2026-01-26 20:14:07.472790,105.38499119444502,109.20774595227914,103.71496820304698,104.91264515630601,33072660410.587036
2026-01-26 21:14:07.472790,100.12387660066041,100.2478967236358,96.5750183338465,99.86914384826225,40541879070.86956
2026-01-26 22:14:07.472790,105.43922573588489,112.90708430739824,104.57433353159911,105.54962604310252,31439465890.26914
2026-01-26 23:14:07.472790,109.89054358938994,110.60496767250206,98.10090253033046,110.00580471383812,40606316964.72125
2026-01-27 00:14:07.472790,102.46585443102336,105.43419961500929,100.93177454259867,102.56481975418757,11780359654.600054
2026-01-27 01:14:07.472790,105.30932031122073,110.51601414614608,103.17792440101303,104.65727992606647,7045327200.487137
2026-01-27 02:14:07.472790,105.9209725416824,112.87193111390576,102.03935959672326,105.79974651958358,29333532335.558758
2026-01-27 03:14:07.472790,101.06043706105974,106.9007967551186,98.8695909375546,100.93022446112387,15955075738.243944
2026-01-27 04:14:07.472790,103.79990933660729,104.82108291439378,101.60182041079919,103.48006793117256,7726663506.910802
2026-01-27 05:14:07.472790,102.5000794260176,104.57199458247888,99.93322473806336,102.42670426629678,1678440350.493923
2026-01-27 06:14:07.472790,102.57336657768292,108.65232810015307,94.93168176364358,102.65314104747944,19986483590.60095
2026-01-27 07:14:07.472790,98.76574975145743,102.22197338175074,94.59563552504441,98.8239619615088,19896374531.58785
2026-01-27 08:14:07.472790,102.02931830858108,104.14432976367486,100.03521852543896,102.0512393003571,13523676005.608055
2026-01-27 09:14:07.472790,103.9452452036056,104.88177784983351,100.23940752686684,103.95685372339393,23040828799.00619
2026-01-27 10:14:07.472790,108.29451312181637,114.51690711473564,105.57363678272954,108.05863316001958,16299836040.080906
2026-01-27 11:14:07.472790,105.70683818537441,109.33512040159093,101.95644201362599,105.69036764606838,30460573751.45042
2026-01-27 12:14:07.472790,111.2259592955815,112.40160179742257,108.99670829070826,110.98202964727055,94510735046.39276
2026-01-27 13:14:07.472790,97.95949288519273,101.36308578724382,96.64405676225189,97.98321949635006,50366666212.01115
2026-01-27 14:14:07.472790,104.8654187411336,113.08299153321464,100.86248006797614,104.84068623918773,18691199733.65149
2026-01-27 15:14:07.472790,101.07663589386262,104.60355493331063,98.03120385406181,101.68620422251733,49729673022.230095
2026-01-27 16:14:07.472790,110.81013000855839,111.71555313979535,105.28873037325114,110.50634992854873,80665259654.174
2026-01-27 17:14:07.472790,97.32622740840213,100.88549625368779,96.72601447594525,97.22516521046403,2104651859.5530193
2026-01-27 18:14:07.472790,97.23969320525049,97.68868218699865,94.24502471821198,96.94942369028657,6290778706.803214
2026-01-27 19:14:07.472790,96.94133844718665,98.4319527519616,93.16324500945673,97.79102176536766,44790968079.85191
2026-01-27 20:14:07.472790,92.12490751738436,92.56626820511501,90.55860860849252,91.5513270903307,42443718180.47192
2026-01-27 21:14:07.472790,97.76162448111953,100.3255820527808,96.41020526904717,97.8025811589293,8502259118.5492
2026-01-27 22:14:07.472790,97.01992325750466,97.57548188598777,88.12915254780127,96.69844459339373,22444967580.747734
2026-01-27 23:14:07.472790,100.03092180098926,102.20042269812252,98.44940558843832,100.34396665802616,4149312944.862364
2026-01-28 00:14:07.472790,101.19936599442157,105.20509776214728,95.76827890814567,101.0136703706484,46041801169.705376
2026-01-28 01:14:07.472790,107.29996207475011,113.34680912831207,105.15890644519448,107.640131443805,25861320096.7107
2026-01-28 02:14:07.472790,103.1643239353459,104.05346159598889,99.2943745026313,103.35773798174813,44813662838.2817
2026-01-28 03:14:07.472790,97.30280652088143,97.3405621104661,89.35865171661929,96.74727457009645,8749565741.68458
2026-01-28 04:14:07.472790,95.2514186143023,98.01167719933294,89.72446636509275,95.3059381095595,29914061657.326298
2026-01-28 05:14:07.472790,101.02109642019443,102.12541887639348,93.95015683710942,100.95524345425397,57546880312.01328
2026-01-28 06:14:07.472790,93.60700315673559,96.83119830968492,86.96859840402009,93.36330595750346,71788573880.07059
2026-01-28 07:14:07.472790,106.73939679413328,108.04533024993361,104.77299275939157,106.58090611983137,23442240291.367893
2026-01-28 08:14:07.472790,103.58988798165129,106.074114944371,100.05783453704534,103.54316343381484,53723044412.94143
2026-01-28 09:14:07.472790,96.53100293263377,98.00087322042022,94.27290064106002,96.42542836963072,36132752400.55774
2026-01-28 10:14:07.472790,92.01085680337334,95.32227000196701,82.58565155948642,91.35218500779344,84371703079.78218
2026-01-28 11:14:07.472790,103.9244449554988,104.73322926644332,103.5924567450582,103.94241206573079,41875687316.41378
2026-01-28 12:14:07.472790,97.6033827121772,97.99169184188573,96.06371174600741,97.54453437355286,41267678575.14273
2026-01-28 13:14:07.472790,103.52924554218488,104.3491953603986,99.53076417308402,103.20395048938381,68155794812.08043
2026-01-28 14:14:07.472790,91.69921596691233,92.14559431387441,87.84065315843685,91.39609371160462,24386307445.23133
2026-01-28 15:14:07.472790,95.58819457638626,101.82943130866865,94.61580403731564,95.24900421266162,16281287815.544874
2026-01-28 16:14:07.472790,97.82236370714655,99.84906707539906,94.12107875134885,97.63527590278075,1096589169.8128712
2026-01-28 17:14:07.472790,97.38211884861428,98.41221465684454,96.46667621735642,97.71719254201555,13547996310.171324
2026-01-28 18:14:07.472790,96.0531539927108,96.47919911349335,92.28351630587662,95.58476050725083,26127974830.455067
2026-01-28 19:14:07.472790,99.62590238000114,103.87366030122581,98.18557550140065,99.96970180130528,45664557649.59259
2026-01-28 20:14:07.472790,93.03077650532133,97.40277477881249,89.37621714386808,92.94638988348729,26828923157.8228
2026-01-28 21:14:07.472790,96.39247961593004,99.8591748917645,94.04173275042162,96.61109386075941,6155770731.082609
2026-01-28 22:14:07.472790,97.61076250009445,101.23569841600724,94.39001166344265,97.62954789343597,12394555158.955755
2026-01-28 23:14:07.472790,99.31693961349175,101.0345383476803,98.04276170598459,99.21908110073942,5897575831.661351
2026-01-29 00:14:07.472790,100.0927452209182,102.57799757240036,99.51422163993449,99.99634158325897,54287112990.07921
2026-01-29 01:14:07.472790,92.5219320726923,98.49345234726204,87.4194112581964,92.40496934960306,11187620352.578833
2026-01-29 02:14:07.472790,91.19365235615325,94.84670322343621,89.48981574870103,90.75429865279865,80831520069.58734
2026-01-29 03:14:07.472790,102.42592713589413,105.95456069685038,101.7717898435492,102.28675547929284,21118703489.507492
2026-01-29 04:14:07.472790,98.12502670081828,101.93048941808527,88.84573415481889,98.19695301374918,32188712474.46
2026-01-29 05:14:07.472790,93.99964197370363,96.23587397301712,89.72399659971775,93.72855448366388,49732386708.64846
2026-01-29 06:14:07.472790,103.74823915896614,108.7483011877368,97.72301156225872,103.37933913975233,45384054803.16725
2026-01-29 07:14:07.472790,96.83965910098324,98.35970428624134,93.4611009736045,97.19762077762122,34430536648.53857
2026-01-29 08:14:07.472790,101.88295901014628,103.03920090169957,100.35256330129383,101.70069101040609,27770619572.237747
2026-01-29 09:14:07.472790,97.16248237155446,98.14872427130966,90.69533979490635,96.95852833993484,48212655019.79603
2026-01-29 10:14:07.472790,105.4892896639589,106.44384318134863,103.87191198724254,105.58354309089677,10215551836.00193
2026-01-29 11:14:07.472790,104.6359700580299,107.50046834692857,102.43211796819814,104.20589975917201,48870124762.21792
2026-01-29 12:14:07.472790,95.58649837972857,98.6077486814908,95.13849234084523,95.62954762344744,37516263022.57984
2026-01-29 13:14:07.472790,100.80435399252069,107.26748925465112,96.13333147930294,100.76639233398541,7844406710.298238
2026-01-29 14:14:07.472790,99.32264278557052,104.28343775090461,95.21963755261017,99.37423942828455,17233922525.069763
2026-01-29 15:14:07.472790,102.52160569560024,108.86648359809352,99.93683959567186,102.51681435261415,73366847555.38457
2026-01-29 16:14:07.472790,92.4610191996857,96.43879574608825,88.18252314951918,92.76611072798345,46319401643.33375
2026-01-29 17:14:07.472790,99.16511682966323,103.849745580133,98.549601470134,99.59538409195504,12311986954.833284
2026-01-29 18:14:07.472790,101.70948427212963,105.40319358640136,98.07582243540395,101.22527164762425,67452299787.82018
2026-01-29 19:14:07.472790,89.48926561735428,91.35741676296716,89.1697429166943,89.7172266872014,15876493265.689102
2026-01-29 20:14:07.472790,91.71637121684176,95.831035555691,87.65612488296561,91.98996566139212,21997222605.029934
2026-01-29 21:14:07.472790,88.1252601253505,89.65687039977041,86.95235824986543,88.69826603285733,46507986908.17731
2026-01-29 22:14:07.472790,95.56115088438266,97.08949469308196,95.30491634399094,95.74468245327964,28794085006.95723
2026-01-29 23:14:07.472790,99.54156804981065,102.99242556244805,99.36953139874706,99.93824988499217,23053717750.337257
2026-01-30 00:14:07.472790,103.9283567330156,108.48600619148365,99.96894446132617,103.41891047647412,37729517525.39879
2026-01-30 01:14:07.472790,97.60067643688797,102.41766845982018,89.29647024743261,97.30589297602515,39195780430.0694
2026-01-30 02:14:07.472790,103.87976647962799,106.46551536136346,101.56229448934117,104.09466481820542,87854910235.84505
2026-01-30 03:14:07.472790,92.11983832874384,92.50005028746902,90.49565018207169,91.50153433222232,7308287373.404759
2026-01-30 04:14:07.472790,90.55436206034561,95.88965311247844,86.1542891190621,90.28843584977032,45772754418.74954
2026-01-30 05:14:07.472790,96.89432656430107,100.02141782588156,94.97898335902372,96.98884162312909,11271588976.699286
2026-01-30 06:14:07.472790,98.16600322223891,102.62175028192964,92.05977801367303,98.90763414028346,11783374791.338507
2026-01-30 07:14:07.472790,97.8804214597187,103.01700408804784,94.77317520957224,97.21229808294589,56342988058.130974
2026-01-30 08:14:07.472790,88.7367709133903,93.29504180832383,86.81441233638489,89.10823797554822,44950732365.60755
2026-01-30 09:14:07.472790,96.6327991760467,99.46353600783128,92.77431672535472,97.11216387430588,25718187209.94311
2026-01-30 10:14:07.472790,92.50110248713679,92.58670427877425,89.87207683356773,92.21820366206319,44616179054.386406
2026-01-30 11:14:07.472790,101.22853436278706,101.8610905813583,99.53557549302352,100.49300024528104,8665887959.670872
2026-01-30 12:14:07.472790,99.67507534313839,102.39435947193964,96.82708606094452,99.2628547280749,38985243439.02032
2026-01-30 13:14:07.472790,94.04901516640095,95.63844982435597,86.33579767921972,93.890178582443,9802358377.481497
2026-01-30 14:14:07.472790,95.87828065189082,97.59623416105225,92.36907023600682,95.7075132747404,15420630273.616077
2026-01-30 15:14:07.472790,93.79102570692186,93.95207155180638,89.08518882654623,93.55151076242568,25133546701.583546
2026-01-30 16:14:07.472790,97.96796919920558,99.90867201673178,95.1644825879025,97.7454238092566,28372665680.723064
2026-01-30 17:14:07.472790,102.31061121156434,102.59752976638566,97.77965591910962,102.22437735686425,60442475254.11658
2026-01-30 18:14:07.472790,94.09903836523716,95.85401650455985,93.11013965793985,94.06963188676431,37552827015.263145
2026-01-30 19:14:07.472790,100.39216371226905,101.17692062999714,100.07800074586146,100.41101883150178,27233720058.344543
2026-01-30 20:14:07.472790,95.87500718236483,96.75510232142861,93.77782723058658,96.09235788768889,5598338401.344274
2026-01-30 21:14:07.472790,95.0002380295789,96.66653361245885,92.49639085251096,95.08029803946111,15828134848.486712
2026-01-30 22:14:07.472790,97.52399216855407,99.27926236683818,95.1640936354853,98.02183235563324,21967439659.24317
2026-01-30 23:14:07.472790,94.20356540698197,99.8034879091336,93.63852479450642,94.23136543891084,10943675013.50591
2026-01-31 00:14:07.472790,96.00446407332075,98.49344771459539,94.45099370869255,96.29003850062757,17645333278.637844
2026-01-31 01:14:07.472790,93.39749571310115,94.98253359366493,88.59664111217727,93.70774029649608,84605787283.27348
2026-01-31 02:14:07.472790,107.61333703524312,110.53364648063796,104.50677627766966,107.55529133173455,55170939751.11106
2026-01-31 03:14:07.472790,99.40812948335066,100.48176618448429,95.89341105318334,98.9947268251208,17072077608.545202
2026-01-31 04:14:07.472790,96.2188749098211,100.22850739437656,95.33192273401123,95.95452500861168,23227089969.54743
2026-01-31 05:14:07.472790,99.43049158648272,101.50693860877448,94.66334547592629,99.9011761588632,9597575620.459919
2026-01-31 06:14:07.472790,98.26739052401899,99.28458925060333,96.84125222882065,98.56000378267042,3730567955.853206
2026-01-31 07:14:07.472790,98.43380368936079,100.00361369896007,94.89985649230513,98.15677449331329,19403802755.32924
2026-01-31 08:14:07.472790,101.5419369970635,107.77336245024308,96.51242500455149,101.84211277285542,5740890122.025731
2026-01-31 09:14:07.472790,102.46749463417163,106.93070955329682,99.71283112430596,102.53659398846442,36263106177.27082
2026-01-31 10:14:07.472790,97.16768015872915,101.42001579103284,95.19022322242499,97.00760245267784,1560275609.9242153
2026-01-31 11:14:07.472790,96.58278840407952,97.7022418245136,94.91526031028904,96.86418208486988,8873997340.562813
2026-01-31 12:14:07.472790,98.21490200978911,104.48696106455694,96.78999571043416,98.18386348685823,43181135208.01225
2026-01-31 13:14:07.472790,89.5773039005788,97.24398621465215,88.15753126132962,89.93723961233506,17058193217.669115
2026-01-31 14:14:07.472790,92.93419208838758,95.50710099805657,92.10898697005744,93.10215796453329,81767507420.89879
2026-01-31 15:14:07.472790,105.67864866876793,107.75225288238153,104.04990128648592,105.57736346829326,8312908503.240278
2026-01-31 16:14:07.472790,106.38692905984664,113.98907914222771,100.20727633513646,106.89779159627034,62237774116.67459
2026-01-31 17:14:07.472790,98.59419785912701,100.66481196381642,94.41334148129087,98.46408503296678,22424717838.35233
2026-01-31 18:14:07.472790,102.08528830713985,105.21586616942719,101.08046728320124,102.09130285257258,6722589363.248286
2026-01-31 19:14:07.472790,101.10396742532838,103.45608700770921,97.25408739612497,100.93666794012061,88591076860.94666
2026-01-31 20:14:07.472790,113.9666169327807,114.98325979859968,109.40366080147061,113.89011211528222,53953017103.12529
2026-01-31 21:14:07.472790,105.00776912070653,106.70257229138325,102.72471370692924,104.57978458378045,35555545409.00563
2026-01-31 22:14:07.472790,99.08548167404373,106.23698237752413,92.45642181858423,99.04827186229747,24366892452.450886
2026-01-31 23:14:07.472790,95.41239159764243,98.32655017703993,94.49604045482408,95.53546196787131,20167975595.409046
2026-02-01 00:14:07.472790,92.88799296268746,96.63400443619621,89.74154181493452,92.85392555296184,53873353813.17252
2026-02-01 01:14:07.472790,100.63540071559007,101.6477094092807,97.87505741622952,100.47164257942772,28355262344.875328
2026-02-01 02:14:07.472790,96.3478802521007,103.69646853006924,92.31164413781131,96.33375962929003,19303380391.234158
2026-02-01 03:14:07.472790,93.56365601534921,96.85529023378793,90.6403852938216,93.55226368155286,24274392453.08535
2026-02-01 04:14:07.472790,96.54451064478579,105.67143573023813,95.13231262284646,96.74826006791812,11204385247.556757
2026-02-01 05:14:07.472790,94.7074068283306,96.13997766809109,89.86021097147187,94.89612701734609,61348525136.21489
2026-02-01 06:14:07.472790,106.60852869290184,111.58896506354066,106.52560252977352,107.05901330225609,21842654123.798214
2026-02-01 07:14:07.472790,103.85566284992206,110.73709988556631,99.73530372214178,103.31339869109345,22665048994.380585
2026-02-01 08:14:07.472790,98.95508063973183,103.964002199449,95.8021660971564,99.32572348705439,44729479521.579025
2026-02-01 09:14:07.472790,105.7270908061957,108.13612577455541,99.94080446768024,105.94732516308993,42543762727.86025
2026-02-01 10:14:07.472790,99.37127988769642,101.5598619722691,97.45175848395095,99.58590961073442,27024438902.806644
2026-02-01 11:14:07.472790,95.77426517827328,96.17489478910004,91.77499985476713,95.51782149760079,53090101839.06824
2026-02-01 12:14:07.472790,105.85654998644594,116.08647667665679,103.13776130623309,105.9503000071521,31665593611.856346
2026-02-01 13:14:07.472790,101.78817019605161,107.12702890858816,97.98787172126839,101.40857495953092,40299886973.48209
2026-02-01 14:14:07.472790,94.37979809156278,95.77246190376323,90.59537859224054,94.57087588627057,23917987984.528133
2026-02-01 15:14:07.472790,98.1428175021106,100.03554135215975,94.67379246567741,98.06074237811013,19723587602.210934
2026-02-01 16:14:07.472790,94.8365459241624,99.02627596631577,94.21437158074548,95.07480730452562,13346794140.542229
2026-02-01 17:14:07.472790,93.49379067065937,93.56249346861274,90.78766256600632,92.895963584886,52781594318.34588
2026-02-01 18:14:07.472790,102.32089803266892,104.10782309221585,98.08331684826103,102.68674989817197,23630207800.939674
2026-02-01 19:14:07.472790,107.19928102639258,108.9175831883533,103.36364821693394,107.09973587768833,103795023273.35234
2026-02-01 20:14:07.472790,92.71287130077235,93.71284986709183,90.28597474702495,92.53692800396816,60550763700.40894
2026-02-01 21:14:07.472790,100.86116118124161,102.30236071559848,97.08556466401377,100.73610764996263,36015370372.065216
2026-02-01 22:14:07.472790,95.34636149905343,97.79126035071958,93.53027033710981,95.3993904882192,3515138873.114952
2026-02-01 23:14:07.472790,95.93047178723317,97.5098490403183,91.0480324195455,95.96784762662557,3989935244.24489
2026-02-02 00:14:07.472790,95.41595893683544,96.99951295389766,92.20612695288594,95.40341964409609,9247490536.78156
2026-02-02 01:14:07.472790,94.10642946771956,94.59604194624188,89.74962912373117,94.14794927869913,26524987611.811466
2026-02-02 02:14:07.472790,98.14772951344037,102.04783642559048,95.6528813105237,97.86474017546331,20866572228.929604
2026-02-02 03:14:07.472790,94.64786896507223,94.6591118058556,91.63875624499336,94.02434006579756,23106130654.199066
2026-02-02 04:14:07.472790,98.38068030626077,104.9732028924076,95.84101369499514,98.54549521836206,10994178697.537283
2026-02-02 05:14:07.472790,96.62530551465822,101.62055926284454,94.67380708485659,97.02401687688429,6162268448.598774
2026-02-02 06:14:07.472790,96.0526101071105,99.43751642893102,94.88341922743881,96.07805600986897,17061714234.841805
2026-02-02 07:14:07.472790,93.8717982548802,95.61644394271609,91.0740442041268,93.1508915804177,6627077527.902921
2026-02-02 08:14:07.472790,94.14029156069408,96.66939231815336,90.72338346659143,94.36781459857737,35800419192.574326
2026-02-02 09:14:07.472790,100.39627934409185,105.06985708471841,92.68461789031842,99.90501139471637,9776784915.658768
2026-02-02 10:14:07.472790,99.12981680323956,106.33280488112503,97.07414411585783,98.63338487295016,47814043171.29703
2026-02-02 11:14:07.472790,92.11362015402025,102.74655052189082,86.875970739902,92.26685368992666,28342350709.662094
2026-02-02 12:14:07.472790,96.75029659295907,100.46252344971474,95.95057158346805,96.58543016657723,17265834014.695858
2026-02-02 13:14:07.472790,99.7168430834906,100.34497637124387,97.99255954082805,99.23207555327961,53635491205.078064
2026-02-02 14:14:07.472790,88.94129580431121,89.54885544019015,86.64825559652837,89.04257133107261,57661741007.791
2026-02-02 15:14:07.472790,97.93170284548596,99.28020447402356,96.60593057566524,97.99155031078374,31734483030.452293
2026-02-02 16:14:07.472790,92.59611023278275,94.73742833781023,91.40675832556711,92.75797686706294,33311353172.316257
2026-02-02 17:14:07.472790,97.47114010486654,100.34506193588288,94.92027177961758,97.76877467131447,34914354545.95329
2026-02-02 18:14:07.472790,91.84300844297931,94.11694727182291,90.59311367385631,92.02225238934771,24577673002.43786
2026-02-02 19:14:07.472790,87.41182480039852,88.33037347746037,86.42422898814087,87.73396820976282,3302643571.6060863
2026-02-02 20:14:07.472790,88.27358008651342,89.14113287124894,86.51190380074195,88.26455500003715,38794242341.13505
2026-02-02 21:14:07.472790,94.64876275040294,95.71344192229553,89.44557787645722,94.86789998081888,4297945228.206065
2026-02-02 22:14:07.472790,95.65490756265255,96.55357881586171,92.76266676396943,95.58786627323408,27481513140.718227
2026-02-02 23:14:07.472790,90.21512827770172,94.51155237369964,88.36631199568811,90.63819901538504,47181301751.01496
2026-02-03 00:14:07.472790,96.95185013958275,99.21023589326087,93.04882833009572,96.85570722289113,58727482097.626465
2026-02-03 01:14:07.472790,87.56282757317486,96.61584525311078,86.31541902956556,87.34441527387814,39951429359.482864
2026-02-03 02:14:07.472790,92.99659831580482,96.01744924185893,92.96078774086598,93.55617717082944,35000681464.214134
2026-02-03 03:14:07.472790,88.88380700038223,89.66251022568342,88.02858069877104,88.78417608729038,16189644749.507027
2026-02-03 04:14:07.472790,91.18057486515308,91.19308374149615,89.43735089727521,90.84598845579976,18010326731.390068
2026-02-03 05:14:07.472790,93.19591985303393,95.11319393797174,88.54815721958732,93.53535245009806,27665503100.38018
2026-02-03 06:14:07.472790,90.15075906950743,93.50657615993187,85.98853411620985,89.7006664959214,10771317209.26748
2026-02-03 07:14:07.472790,91.56721123923934,94.83689748851087,86.96134292985185,91.45225054495641,33089208828.678646
2026-02-03 08:14:07.472790,96.88720564882392,100.01077503766429,94.67867961959045,97.09255986625885,40956154190.40569
2026-02-03 09:14:07.472790,90.3590951167614,91.97401222871717,85.82210177648753,90.37421537666818,38570920096.79344
2026-02-03 10:14:07.472790,96.2080864697189,99.61219902537752,94.3890087164005,96.04720924433775,55284048925.51653
2026-02-03 11:14:07.472790,87.92264426845543,92.436982459528,84.21778968630692,87.90260105365768,38502665189.81567
2026-02-03 12:14:07.472790,94.60730538849633,96.8885926372977,87.51474239957084,94.45464137632872,20480163473.138577
2026-02-03 13:14:07.472790,97.9236778405837,101.4671151499214,94.31028577956364,98.1948941787204,104329477566.57486
2026-02-03 14:14:07.472790,82.48362442342497,85.52136313917728,81.4378080831393,82.44173722177244,33607711544.512432
2026-02-03 15:14:07.472790,88.2819976807526,90.53359518078193,85.11999018844314,88.65800901860159,35639767852.36172
2026-02-03 16:14:07.472790,94.0553901735058,96.81984595092611,93.2809529722411,94.08678488102763,23071613398.265064
2026-02-03 17:14:07.472790,90.5143034920134,92.71886898013184,90.40444355856907,90.76042060519619,15607592554.289824
2026-02-03 18:14:07.472790,92.76698161930362,95.41362699918528,91.48539103965496,92.97213298220818,28594235243.11038
2026-02-03 19:14:07.472790,89.24794976871861,90.57626262030271,83.7363970931725,88.91821616824625,19723907382.785423
2026-02-03 20:14:07.472790,91.86423234352837,94.44970480811754,88.65103899567396,91.56445668871504,7454689225.731023
2026-02-03 21:14:07.472790,90.63701610730348,93.1481861523018,85.33201579754495,90.47168684733902,37240294488.64217
2026-02-03 22:14:07.472790,95.51362097190392,100.11683144755547,93.84797016559659,95.82764224239345,26282320442.640892
2026-02-03 23:14:07.472790,91.82655995251449,94.54605147191356,87.1316757318843,91.91380686792436,1839928149.189541
2026-02-04 00:14:07.472790,92.48574545794465,93.58821364575627,90.638203373197,92.15038320419302,16266734269.96066
2026-02-04 01:14:07.472790,89.07614974927003,92.67198927241415,82.15535327870953,89.03829505215839,2802457614.198327
2026-02-04 02:14:07.472790,89.26442226301646,89.32900727398287,86.43944024652122,88.64761317932938,1401487221.143011
2026-02-04 03:14:07.472790,88.88183270947471,91.81237008990556,85.75599393449657,88.77707988173424,21831502845.187332
2026-02-04 04:14:07.472790,92.0668330366096,92.89594078153952,89.78141989651574,92.01381951837946,24600383064.41709
2026-02-04 05:14:07.472790,88.57886510225107,91.30132770288014,87.94205897087699,88.66108490548609,15755428126.480284
2026-02-04 06:14:07.472790,91.46723419264288,93.91629685225011,84.87509751852687,91.43060501548719,40266657463.617355
2026-02-04 07:14:07.472790,98.86300902816383,99.78014455447143,96.8310203649869,98.90825060252199,39443551235.58268
2026-02-04 08:14:07.472790,93.88331611805243,96.5678752227896,89.8804522015419,93.68430012069753,26441239707.91738
2026-02-04 09:14:07.472790,89.02186418896832,90.01203448869116,83.87418039940401,88.76709313798762,38920088779.80361
2026-02-04 10:14:07.472790,94.72446337207747,101.56556720135637,88.13918737535421,94.94834857589733,43377365404.665184
2026-02-04 11:14:07.472790,87.98485320451393,89.2814185319614,87.92235878047529,88.33764716535276,40181417373.481125
2026-02-04 12:14:07.472790,81.66095650323287,82.42632337626941,78.90685756530425,82.11328708005156,20397201492.856228
2026-02-04 13:14:07.472790,86.05542974153872,88.71766633537386,81.58304849540772,85.92448306503927,17343548140.803432
2026-02-04 14:14:07.472790,82.37835024148359,84.84299025766383,80.19306585616567,82.65193640116554,30804565735.78401
2026-02-04 15:14:07.472790,87.83321792365551,91.5994649790606,86.57997693343395,88.4041915809521,9960391552.120401
2026-02-04 16:14:07.472790,89.94983673128755,95.25146644243615,85.68748423029002,89.84510107928357,44290510915.434296
2026-02-04 17:14:07.472790,97.43135347124218,99.61766815440727,90.68458182545167,96.70807392635143,32171053411.061005
2026-02-04 18:14:07.472790,91.04548704143943,93.81284334235475,88.96958012072254,91.04714525893391,15180740809.083305
2026-02-04 19:14:07.472790,89.06857945966124,92.06421981992271,85.83166741298778,88.84509208944432,30607763899.11354
2026-02-04 20:14:07.472790,93.1093665928699,96.14553840852439,86.2758779933506,93.08651496344325,60759391713.09795
2026-02-04 21:14:07.472790,81.25800886108514,82.12574132827662,79.45474990741822,81.2821227438715,59133600609.3
2026-02-04 22:14:07.472790,90.90052591505955,91.82656289254076,89.23348223260999,90.65058146228608,15427400501.156158
2026-02-04 23:14:07.472790,92.76435514385045,99.7044616930088,91.4008068703226,92.84520694422797,50429896431.92594
2026-02-05 00:14:07.472790,84.05646875077115,86.13800556566237,79.15284030636,83.98909463565684,60792901232.94813
2026-02-05 01:14:07.472790,94.51730204457692,98.84195942219299,91.31159428757283,94.42617196746865,22315696373.69558
2026-02-05 02:14:07.472790,90.92829121419568,91.64747305398693,89.44552019614139,91.11090218611574,22415335192.484406
2026-02-05 03:14:07.472790,88.3791761813817,89.2676126356811,86.37455922990851,88.11692900552794,30527748113.235706
2026-02-05 04:14:07.472790,92.31415357931391,97.10579555476343,91.89232115772607,92.36263281060678,46107469680.97578
2026-02-05 05:14:07.472790,99.17704660434585,104.33410368993401,97.09596921016838,99.40241528693083,60882432207.53596
2026-02-05 06:14:07.472790,90.72843225075978,100.48039566864477,82.23141258271563,90.58263682182536,2392389183.795103
2026-02-05 07:14:07.472790,90.64232163213799,91.8078354394546,89.60018398271531,90.88729961811296,19082200587.538376
2026-02-05 08:14:07.472790,88.1045621692823,93.98153311425347,87.0839527974929,88.09711413337084,9765383659.43548
2026-02-05 09:14:07.472790,86.61085745266125,90.70071493752049,82.80059145408626,86.6132269298384,37777735499.74568
2026-02-05 10:14:07.472790,93.7177829868931,94.41276659273439,91.7978351928478,93.41347116451365,46175223255.35186
2026-02-05 11:14:07.472790,86.80053503734156,88.43296326613324,85.77244183947215,86.67709864067389,24417583140.198723
2026-02-05 12:14:07.472790,90.39083502057655,93.25664322604844,84.51781225786398,90.39762215325742,13213888280.311716
2026-02-05 13:14:07.472790,88.47319118154968,91.58597861967132,83.1061654353448,88.25667118741966,29218795621.577274
2026-02-05 14:14:07.472790,92.55556410493875,94.02267181820137,90.31052773374087,92.17115300680369,3223785553.931592
2026-02-05 15:14:07.472790,91.7864163196637,93.59275826103529,90.87157415629812,91.63307469925384,17916565368.171898
2026-02-05 16:14:07.472790,94.63071492056984,98.4533885156671,94.0496979861623,94.62777598439567,32755527387.965218
2026-02-05 17:14:07.472790,88.01010301817621,97.21117843510378,86.68184185267539,88.35783605040514,7727988207.635891
2026-02-05 18:14:07.472790,89.08960761499682,90.88669191978269,88.43646369837815,89.37519182886756,19112305420.81353
2026-02-05 19:14:07.472790,86.56660805708684,88.51306899874412,84.07148659980267,86.64594750822202,13189865147.887785
2026-02-05 20:14:07.472790,88.64659819417292,89.20129281242168,85.00824598075155,88.80898868096034,23391028398.935387
2026-02-05 21:14:07.472790,92.15412644232084,98.20897890949443,89.87759039481284,92.20584598382025,10499656125.029049
2026-02-05 22:14:07.472790,93.87470731120133,96.44731661464242,91.43137856968112,93.85875603676007,47085770783.046524
2026-02-05 23:14:07.472790,87.26390546664139,88.69852657813738,84.39341099247386,87.12545629787837,45738697673.557915
2026-02-06 00:14:07.472790,94.46028657680958,96.53779116381551,91.22379783691856,94.48026880731442,13605886054.877222
2026-02-06 01:14:07.472790,96.77741426879048,97.45995057578787,94.14578252048038,96.63637300582828,29510955296.321022
2026-02-06 02:14:07.472790,92.73199993500396,95.74317351268719,91.57185276011268,92.71406687938382,36368607653.70944
2026-02-06 03:14:07.472790,98.48990163189379,103.32248406732643,95.85763411393961,99.07707196134943,59006124028.78141
2026-02-06 04:14:07.472790,87.79807502673995,88.39232285832756,87.66600788837667,88.04618973366308,12102877479.784687
2026-02-06 05:14:07.472790,86.23578035682112,86.59627898821961,84.58623353899917,86.27307298545433,15424041155.489601
2026-02-06 06:14:07.472790,83.98937189593559,85.55595524827899,82.49896553459953,84.295286591042,80312139192.30411
2026-02-06 07:14:07.472790,97.88123965826416,98.60553703581354,96.72709548489811,97.70539084513366,18810279894.15021
2026-02-06 08:14:07.472790,94.58890752800096,97.20270903080377,93.13755073088431,94.15651702756936,17453374175.95016
2026-02-06 09:14:07.472790,91.60586525744563,94.37615268761247,88.5629052503495,91.27214822032545,9720623727.97463
2026-02-06 10:14:07.472790,92.66439287056257,95.15917893499413,91.80774409959905,92.72376655137113,30844048664.964195
2026-02-06 11:14:07.472790,87.50658903006307,88.34239840378149,82.10744747591161,87.11698632462989,101783977983.43498
2026-02-06 12:14:07.472790,102.37941657375562,107.4717518833663,100.22953994521069,102.3337754672018,76032787241.2173
2026-02-06 13:14:07.472790,92.1951320135354,95.22911473162483,91.05695376301064,92.28845944846391,752412495.3285868
2026-02-06 14:14:07.472790,92.09591566213159,94.08044094025651,91.0779778515046,92.26570374742803,16179639826.708931
2026-02-06 15:14:07.472790,94.82802873016706,98.10695153611266,93.80231766085738,94.9141546940078,6492044350.421687
2026-02-06 16:14:07.472790,93.82307745731954,95.16053733882872,93.42254959067414,93.93246467320328,5954649125.340221
2026-02-06 17:14:07.472790,92.9538659846747,93.83518763756494,91.03850107765356,92.90636772800622,30214473550.81246
2026-02-06 18:14:07.472790,88.85746160374998,91.78253105489637,85.78179477430868,88.81467762466441,32170617851.405693
2026-02-06 19:14:07.472790,94.0443884271938,94.84914558535557,91.60123350674475,94.04352905173941,37614168666.4511
2026-02-06 20:14:07.472790,100.37737867925247,101.96350739716114,95.64587573960985,100.24597480099052,16259281476.205902
2026-02-06 21:14:07.472790,98.25038060018534,98.5610964922121,94.01380983823303,97.90068534128343,7551933874.932076
2026-02-06 22:14:07.472790,99.31980132330847,100.31650981137906,96.97561846718511,99.03767641768772,59638421724.8487
2026-02-06 23:14:07.472790,89.7281456206308,92.28939000516519,88.7403122584414,90.12964560359245,10256516599.957378
2026-02-07 00:14:07.472790,87.56341617196661,96.09836005494502,85.54091794501726,88.23948623847862,25471815755.50651
2026-02-07 01:14:07.472790,92.01777061006447,92.53253323350414,87.2455598409378,91.7605694288125,6428802829.11346
2026-02-07 02:14:07.472790,92.15563386108825,97.50349598647183,90.76588630608867,92.53508657718338,30097970545.307903
2026-02-07 03:14:07.472790,96.91490060238158,100.46385027972359,95.9912271291051,96.9802940466828,85055224207.70859
2026-02-07 04:14:07.472790,85.26484214481944,88.74209531700416,83.48803068857984,85.56520502776071,72404040065.4899
2026-02-07 05:14:07.472790,98.39196388437921,103.55867996373543,96.61954816454,98.92675612223576,45392429607.357124
2026-02-07 06:14:07.472790,91.84671348682492,92.26321105990583,90.03965360019183,91.69776072774319,7815635848.590789
2026-02-07 07:14:07.472790,90.80251987698948,91.56991932113552,87.36032995865659,90.59619018115013,15868534400.429695
2026-02-07 08:14:07.472790,88.08499751403113,90.41997180343611,87.85979457183235,88.23760720890465,15754889391.138538
2026-02-07 09:14:07.472790,85.04712959352003,86.9466061336991,82.88517367943447,85.71339065408363,59660324677.92316
2026-02-07 10:14:07.472790,95.66306866917856,98.24200457669365,93.60262489516748,95.82009224944547,17533997442.387444
2026-02-07 11:14:07.472790,92.73127518639245,96.85377801336028,86.54291592770394,92.62240569776523,33700814309.612144
2026-02-07 12:14:07.472790,86.69983274939753,87.80596349098742,85.71989889811809,87.08621116491503,780229545.7560266
2026-02-07 13:14:07.472790,87.08978196903618,88.71475626276707,85.82751263075855,87.04190198054245,26763294851.480427
2026-02-07 14:14:07.472790,90.85283001296878,91.20388947811149,89.93221500066873,90.85700303400706,47787800731.20073
2026-02-07 15:14:07.472790,99.58372033988306,101.82991864642113,89.73060925998541,99.41095657355224,43299983466.67039
2026-02-07 16:14:07.472790,91.13001345199056,96.04814162588877,89.69765913052733,91.09733309403178,32584168117.89282
2026-02-07 17:14:07.472790,85.83951241037012,93.27539755194381,82.7524691447124,86.09082934676634,32915701956.348248
2026-02-07 18:14:07.472790,91.3909855903687,93.15800647316186,90.46987089964114,91.06409150022628,1883851898.942889
2026-02-07 19:14:07.472790,90.85847681413523,95.13022490067846,84.96947272834832,90.90170864131022,61612113630.26592
2026-02-07 20:14:07.472790,81.43158360613248,83.14639554822743,80.95002101419523,81.438254508246,60664197799.70111
2026-02-07 21:14:07.472790,91.42727350981289,92.46982003793755,88.65717551803134,91.6839706463073,6252916740.220461
2026-02-07 22:14:07.472790,90.77078468887807,92.6202765714212,87.63710978456906,90.89165666341893,24832230610.269997
2026-02-07 23:14:07.472790,94.45043755556686,99.86027752139287,92.56612774532752,94.70181482390527,26384969666.697117
2026-02-08 00:14:07.472790,99.62588721489911,101.1620608641679,98.91546305082987,99.67760376139853,21667313464.42662
2026-02-08 01:14:07.472790,96.89483066256741,97.75680591428454,93.92056988770969,96.39980556854019,44085646266.140884
2026-02-08 02:14:07.472790,90.0635869536838,92.69324552993909,84.60302683222089,90.43579386056142,21189885426.513752
2026-02-08 03:14:07.472790,86.57757860583386,90.74540193020766,85.70151897169778,86.99871189537198,90241462373.53505
2026-02-08 04:14:07.472790,103.07089608536201,106.66147642351967,95.67482785280664,102.61799045747782,60033335770.75958
2026-02-08 05:14:07.472790,91.45750025617305,92.05956447485272,88.61005791764524,91.51496900565316,2065787044.0637357
2026-02-08 06:14:07.472790,91.04777444537774,93.69306487172602,89.4146082687605,91.23089475919853,2171811685.952123
2026-02-08 07:14:07.472790,91.25761441740157,94.73253051714472,89.48808061063421,90.97380216748893,5922547668.276015
2026-02-08 08:14:07.472790,91.61971790241478,97.11001979948338,90.17030326593068,91.78647985803408,8400806810.284306
2026-02-08 09:14:07.472790,90.76592738975475,93.16336294299924,83.86171561438887,90.27141793175761,14265119790.09202
2026-02-08 10:14:07.472790,88.61014803623105,89.94161684411823,87.2310953488392,88.4303004707328,712466499.566387
2026-02-08 11:14:07.472790,88.29742865119805,91.54507409723142,85.46158006294952,88.42686207557765,13334902765.786278
2026-02-08 12:14:07.472790,90.97398528192994,93.49050454902857,89.94922830648729,90.38899452112227,16104166115.024656
2026-02-08 13:14:07.472790,88.05123768334806,91.99568175566979,83.54970695233224,88.21153080511695,4628715623.372753
2026-02-08 14:14:07.472790,87.61609831259237,91.3450492763771,86.94154912839035,87.42147310078539,20271628037.307335
2026-02-08 15:14:07.472790,90.67660692068975,96.08018312256415,84.83674536007958,90.59526345017792,11123052206.749947
2026-02-08 16:14:07.472790,89.3511833842905,92.1378796144575,84.76859251498196,89.00360438409422,51836716266.02913
2026-02-08 17:14:07.472790,96.68464860622247,98.68307190783187,95.67792783125535,96.23383795978785,116175449113.75557
2026-02-08 18:14:07.472790,79.6464284659347,80.81941151596673,76.72712938815896,79.63878215156852,83374715079.52852
2026-02-08 19:14:07.472790,93.97186989840823,96.50095264073948,92.62614178248246,94.1847513226901,4572139162.164589
2026-02-08 20:14:07.472790,94.83731212536401,96.84231220689875,88.76553009298496,94.70662489774976,71286460346.66534
2026-02-08 21:14:07.472790,81.21839972591465,82.14277123747041,78.44007244693442,81.38386501442497,47398281547.15065
2026-02-08 22:14:07.472790,88.40890001006301,88.42303171314273,82.73007162849933,87.87810205998973,2575203202.7360253
2026-02-08 23:14:07.472790,87.667277450638,91.00036249069076,86.49558437770769,87.63138311091915,23076182418.667263
2026-02-09 00:14:07.472790,83.40018139107204,85.95946545194052,82.4763874193461,83.4916853270881,16206440069.342169
2026-02-09 01:14:07.472790,85.82069824787237,87.65362905305267,84.57916212958831,85.77317639851552,7708497986.539043
2026-02-09 02:14:07.472790,84.0209792495292,85.35183157470277,78.44934043780697,84.361917721121,69887690589.15869
2026-02-09 03:14:07.472790,95.6041212490247,99.58664212104792,90.11297629097686,95.88360682438552,23399635378.747433
2026-02-09 04:14:07.472790,92.59615743055048,100.87985328846021,84.75735459364667,92.26389285001571,8842216759.066011
2026-02-09 05:14:07.472790,93.35010970485231,94.49070425894233,92.65359095199294,93.53443641335255,18629441683.834774
2026-02-09 06:14:07.472790,90.81020190567907,99.07823478570782,89.80049782130048,91.09631109136916,50428980845.50204
2026-02-09 07:14:07.472790,83.78244008569673,86.25244624282828,78.94173905986996,83.64777066658375,14210831582.19791
2026-02-09 08:14:07.472790,86.1439975413665,86.2070279986308,81.06955807528088,85.83865977478948,28080745457.11501
2026-02-09 09:14:07.472790,89.92993003804075,90.88248076464131,85.73675953139671,89.73638123291722,51011973843.568985
2026-02-09 10:14:07.472790,83.16853157653483,83.27634766773417,82.02136731852286,82.92075250561933,38224322519.67742
2026-02-09 11:14:07.472790,90.17698870052143,92.4290173347837,86.63414409411051,90.38219109546702,30162566371.007217
2026-02-09 12:14:07.472790,86.0682560862056,90.29699037771817,84.37336162289012,86.43694700596664,3903307368.4859815
2026-02-09 13:14:07.472790,86.17490901610566,89.43588479796988,82.939651605305,85.78851745150172,30237823095.88849
2026-02-09 14:14:07.472790,89.8990146519163,92.52597913394776,87.74783434798988,89.98612477663916,7434945354.285435
2026-02-09 15:14:07.472790,88.71513155544788,91.34839279153404,86.77905183531293,88.78193988080899,18110612384.05684
2026-02-09 16:14:07.472790,85.82498218783591,87.06850549599585,83.56565736236925,85.4843626985681,37048207473.49671
2026-02-09 17:14:07.472790,91.61081407045917,91.80258906320638,88.45514345038357,91.458198686314,59737954584.258606
2026-02-09 18:14:07.472790,82.63339854016427,84.748551251163,79.07950075220376,82.52053822719417,39183077642.962906
2026-02-09 19:14:07.472790,89.581373791448,91.16983208942135,88.01737255565747,89.00329675292598,1554515084.4932845
2026-02-09 20:14:07.472790,88.62921622486172,90.20462521322452,84.69552996549616,88.80065073771975,24455168028.93615
2026-02-09 21:14:07.472790,85.37451934504188,87.12570046884036,83.34047684322633,85.13753727457379,18038607661.879322
2026-02-09 22:14:07.472790,87.53853085783713,88.14559501407957,84.99181627522495,87.523560882713,37133779808.37373
2026-02-09 23:14:07.472790,81.45659261655841,86.07734884584224,80.47016681746696,81.39100962629489,46747946772.588554
2026-02-10 00:14:07.472790,90.13943942585547,93.96786893109697,85.69846885521365,89.72800018013406,28029125366.298233
2026-02-10 01:14:07.472790,85.36777063421069,89.95015615708067,84.36866806374677,85.23791005865314,7584034445.359219
2026-02-10 02:14:07.472790,83.99233516921235,84.6347597327868,81.99557144027213,83.85691562256987,43773479773.42744
2026-02-10 03:14:07.472790,90.25431035409017,90.42284480915472,88.16220254144329,89.96484648024014,49839964979.48065
2026-02-10 04:14:07.472790,82.92032260894734,83.82652352354127,79.5581457908923,83.01120810989443,17986869298.654835
2026-02-10 05:14:07.472790,80.12892290927827,81.26117766391721,78.09715634640479,80.3311669850457,4145725365.2297487
2026-02-10 06:14:07.472790,79.47654534798588,80.62880605611284,78.32415598990815,79.72644210714627,57739321424.61623
2026-02-10 07:14:07.472790,87.35717080006638,92.75005915194139,86.5955462128091,87.87555482891511,47049093907.82117
2026-02-10 08:14:07.472790,81.1060906235685,85.44556299581464,77.91616371811651,80.6088451770009,84340903995.36163
2026-02-10 09:14:07.472790,92.14101540101748,95.40606312801876,89.2826835695586,92.44698024700007,98149337457.21902
2026-02-10 10:14:07.472790,77.57607358901102,78.18801148767771,75.91909692553585,77.62759975221735,101387123345.81477
2026-02-10 11:14:07.472790,92.01611650539266,97.72822125010208,87.79867292611036,92.09259386980595,39939399087.18958
2026-02-10 12:14:07.472790,86.12402513509086,86.87363027210297,83.7851830712773,86.04467300870984,8045557245.63153
2026-02-10 13:14:07.472790,85.01915334592624,90.00521356038607,83.11864452040456,84.81160140795568,13623782543.43713
2026-02-10 14:14:07.472790,83.28370791461529,83.46186411729393,76.70944549592853,83.06927119792576,23541115899.09293
2026-02-10 15:14:07.472790,86.52329402033222,87.67882348061467,84.57379037925038,86.67490857136617,11900551996.802744
2026-02-10 16:14:07.472790,84.90504154506148,89.00136046687271,84.58890663749561,84.94763132624949,25499277207.122677
2026-02-10 17:14:07.472790,89.51690947501105,91.65900298784656,86.24197362777399,89.4410867014559,26542519234.507626
2026-02-10 18:14:07.472790,85.43372740362771,86.91784723816855,82.35663838588013,85.49751482336967,1468491519.079487
2026-02-10 19:14:07.472790,86.0388223140361,86.87144921238512,83.35386255974734,85.62593093021626,11370235327.851547
2026-02-10 20:14:07.472790,83.7674710828525,87.65364387262025,82.51247693129868,83.64426935954164,6542333065.238384
2026-02-10 21:14:07.472790,85.00186568707271,86.73386575660534,83.99583207129895,84.81487997341588,651089829.9286928
